ID,Formation_E
1,343.4555
2,384.8166
3,800.504
4,1171.789
5,1597.739
6,1608.584
7,1603.66
8,1620.455
9,1606.068
10,1611.157
11,336.5363
12,355.4157
13,766.876
14,1141.92
15,1544.09
16,1610.769
17,1599.261
18,1608.086
19,1599.256
20,1597.146
21,334.6779
22,342.0383
23,625.702
24,758.499
25,1157.778
26,1477.407
27,1539.941
28,1546.366
29,1522.186
30,1489.227
31,330.3777
32,319.3726
33,550.8613
34,589.616
35,845.499
36,1030.11
37,1406.191
38,1468.667
39,1550.925
40,1578.747
41,301.833
42,279.8096
43,418.8874
44,526.5461
45,649.245
46,967.932
47,1081.483
48,1311.693
49,1547.343
50,1645.081
51,266.1964
52,246.7801
53,375.1484
54,404.6918
55,597.708
56,616.598
57,889.448
58,1046.901
59,1114.361
60,1346.263
61,222.7268
62,224.3849
63,293.9623
64,305.6392
65,484.0824
66,559.4534
67,676.012
68,963.576
69,1177.741
70,1267.889
71,197.206
72,214.1473
73,265.8117
74,297.9988
75,359.0257
76,441.4829
77,564.5921
78,629.544
79,862.429
80,951.291
81,203.7724
82,185.4429
83,202.0326
84,226.4172
85,323.4997
86,347.7014
87,469.8839
88,459.2555
89,534.604
90,734.2
91,158.9089
92,143.301
93,191.4333
94,207.3185
95,290.0363
96,410.8098
97,410.1062
98,586.3158
99,675.997
100,743.923
101,352.3748
102,412.4716
103,846.981
104,1310.524
105,1673.762
106,1676.205
107,1688.922
108,1675.919
109,1687.605
110,1673.973
111,341.9243
112,358.4215
113,751.169
114,1110.181
115,1545.893
116,1609.648
117,1570.049
118,1595.339
119,1574.248
120,1577.637
121,342.4828
122,344.7366
123,632.273
124,793.908
125,1236.793
126,1434.433
127,1589.233
128,1622.334
129,1619.104
130,1616.672
131,329.2067
132,322.2918
133,536.8136
134,633.679
135,860.991
136,1196.575
137,1314.273
138,1518.569
139,1665.733
140,1640.828
141,301.8382
142,294.573
143,429.6645
144,464.4747
145,661.986
146,916.107
147,1186.306
148,1336.608
149,1487.257
150,1548.951
151,260.8723
152,243.4198
153,358.5336
154,401.1139
155,457.2125
156,629.24
157,784.887
158,958.112
159,1221.825
160,1433.631
161,218.0748
162,209.2522
163,301.5314
164,323.6196
165,408.2218
166,572.6768
167,706.049
168,771.084
169,988.798
170,1176.792
171,143.1387
172,136.0468
173,252.8481
174,305.6662
175,373.9784
176,461.1076
177,539.1446
178,845.277
179,941.691
180,956.222
181,196.7555
182,207.764
183,247.8136
184,289.7963
185,326.3036
186,342.4225
187,449.4194
188,524.7282
189,749.021
190,926.301
191,128.027
192,128.3801
193,181.8489
194,240.3311
195,261.9125
196,280.1179
197,338.9755
198,525.1603
199,589.595
200,758.364
201,89.05091
202,86.06395
203,90.79701
204,88.34115
205,94.72188
206,95.64637
207,93.45353
208,92.99519
209,95.05654
210,100.94985
211,97.08997
212,103.11975
213,107.5107
214,101.9166
215,103.8721
216,105.3116
217,104.8469
218,110.1018
219,111.49
220,105.2183
221,105.7737
222,116.2626
223,113.8556
224,117.8878
225,110.6138
226,116.249
227,114.8528
228,117.2596
229,124.1933
230,119.2573
231,121.0412
232,122.5096
233,123.7083
234,123.6696
235,120.8138
236,134.3403
237,129.4011
238,122.8992
239,127.3935
240,136.7375
241,129.8673
242,134.3681
243,127.9964
244,131.0288
245,140.9547
246,141.3669
247,137.5501
248,141.5932
249,137.132
250,136.0173
251,131.9533
252,143.7222
253,142.5108
254,143.1034
255,148.1967
256,147.2978
257,158.7176
258,150.7045
259,147.8867
260,149.736
261,141.1801
262,145.3282
263,144.8599
264,150.855
265,146.6304
266,153.6509
267,150.252
268,156.6049
269,157.1922
270,159.3722
271,159.6407
272,159.5993
273,152.6903
274,154.6804
275,160.8859
276,161.0387
277,174.1784
278,170.2146
279,166.2398
280,157.3719
281,162.9688
282,169.4563
283,169.8133
284,173.0556
285,170.1331
286,176.1015
287,167.2752
288,181.7508
289,175.3687
290,187.1288
291,185.7862
292,169.836
293,181.7668
294,190.8944
295,179.149
296,190.8262
297,192.3413
298,184.4518
299,188.8375
300,178.3973
301,180.783
302,189.5419
303,196.1575
304,182.4022
305,193.3366
306,195.2976
307,185.8075
308,181.9995
309,214.6913
310,198.3158
311,204.6619
312,188.6882
313,210.9161
314,188.0998
315,201.8827
316,193.9867
317,196.5859
318,205.889
319,208.4472
320,201.8624
321,215.8726
322,207.8383
323,208.2933
324,199.2555
325,198.0034
326,205.5935
327,217.9427
328,199.8163
329,215.3943
330,211.4408
331,218.3906
332,217.0822
333,216.5993
334,210.8033
335,234.3919
336,207.1098
337,229.1352
338,224.2585
339,220.776
340,234.9674
341,215.1209
342,230.5934
343,229.3564
344,236.4976
345,239.004
346,235.3401
347,244.845
348,235.3466
349,223.1522
350,235.9957
351,244.5761
352,243.1132
353,243.0079
354,241.9073
355,238.9019
356,249.7466
357,228.3465
358,226.1894
359,230.4928
360,246.0457
361,230.1811
362,235.5028
363,254.9686
364,247.3584
365,257.7374
366,236.4379
367,244.1228
368,247.9036
369,257.2946
370,245.2769
371,278.1382
372,258.0004
373,249.4875
374,243.2858
375,259.408
376,273.0038
377,268.1529
378,275.4715
379,254.2581
380,267.2654
381,254.3588
382,260.8768
383,248.7316
384,264.2499
385,252.6253
386,283.0624
387,274.7035
388,263.9639
389,271.3995
390,272.6581
391,273.9832
392,263.7969
393,270.6561
394,285.4704
395,269.0506
396,263.8252
397,261.653
398,275.1601
399,275.2034
400,263.8282
401,287.4079
402,291.314
403,265.8029
404,269.1281
405,281.8998
406,287.6115
407,285.8973
408,290.6232
409,269.0191
410,267.8092
411,294.8125
412,273.3217
413,274.2777
414,280.2932
415,277.2721
416,290.5242
417,293.1898
418,277.2128
419,303.0747
420,281.5278
421,279.9788
422,278.1792
423,304.8188
424,309.9266
425,309.9266
426,299.4991
427,300.4415
428,310.9874
429,297.7628
430,301.5095
431,315.7679
432,324.7832
433,289.8151
434,284.6131
435,310.6563
436,322.3795
437,289.2886
438,295.0405
439,311.9884
440,314.6781
441,323.799
442,296.1743
443,324.0547
444,321.8577
445,298.3767
446,306.2267
447,321.1936
448,314.361
449,310.8046
450,310.1494
451,306.3689
452,328.4501
453,353.476
454,323.1874
455,316.5576
456,321.0511
457,314.83
458,311.257
459,308.0878
460,326.1976
461,352.4184
462,314.5308
463,332.2248
464,325.746
465,339.533
466,316.63
467,330.8821
468,316.3293
469,337.8881
470,341.8348
471,333.0512
472,346.0276
473,340.4576
474,326.2673
475,328.969
476,349.2587
477,362.8432
478,365.5118
479,321.8579
480,346.9033
481,347.9119
482,349.0046
483,335.1981
484,332.8677
485,353.1277
486,332.4375
487,355.7285
488,334.0654
489,334.3636
490,336.5516
491,362.0593
492,370.8789
493,336.064
494,337.8663
495,347.3884
496,347.2748
497,372.6854
498,381.5514
499,364.0009
500,366.0157
501,367.9158
502,345.4272
503,371.4355
504,344.7697
505,345.4409
506,379.4306
507,354.4043
508,352.1532
509,383.521
510,375.842
511,357.6342
512,391.9912
513,389.7744
514,397.2071
515,359.1145
516,381.4435
517,382.5851
518,391.9272
519,386.4814
520,364.0466
521,382.9912
522,370.0242
523,367.5584
524,372.0251
525,407.9094
526,362.7656
527,390.0345
528,380.8694
529,416.101
530,414.6749
531,403.13
532,382.6295
533,405.3655
534,376.0092
535,384.7228
536,383.2698
537,370.7205
538,385.2715
539,379.9455
540,554.332
541,378.5658
542,402.5172
543,395.1519
544,410.4672
545,440.5621
546,400.8611
547,386.615
548,387.936
549,398.9219
550,416.3465
551,416.8503
552,413.364
553,418.9964
554,390.6202
555,393.8046
556,415.4527
557,395.6107
558,392.9118
559,426.5985
560,431.0833
561,395.3783
562,444.423
563,424.4832
564,394.167
565,402.1544
566,428.0216
567,412.8291
568,439.6718
569,408.935
570,451.963
571,410.2947
572,432.0888
573,450.6658
574,459.9326
575,459.0691
576,410.563
577,418.747
578,411.2808
579,418.0142
580,437.5935
581,454.1172
582,460.9564
583,461.4004
584,443.0801
585,457.5841
586,410.3738
587,420.9991
588,455.0062
589,445.3226
590,446.172
591,419.3929
592,453.073
593,448.0941
594,432.0546
595,423.868
596,423.66
597,482.7976
598,439.2891
599,454.2794
600,441.5031
601,458.1555
602,445.1188
603,432.3068
604,448.7471
605,448.042
606,441.5682
607,443.1353
608,461.9615
609,475.8796
610,452.8368
611,474.5719
612,459.9523
613,448.33
614,488.7153
615,468.6313
616,486.809
617,460.6424
618,478.8356
619,480.6933
620,457.7037
621,486.2693
622,463.0118
623,450.5023
624,484.6095
625,493.8604
626,484.5682
627,470.8868
628,461.477
629,506.1413
630,456.0599
631,463.3672
632,464.9548
633,491.7189
634,464.1178
635,541.5538
636,472.3044
637,512.9796
638,513.645
639,499.1002
640,497.3877
641,500.848
642,478.9561
643,476.1299
644,507.7072
645,528.2548
646,510.0639
647,475.6841
648,517.1501
649,475.6544
650,516.1963
651,484.1077
652,540.2245
653,494.7633
654,482.2066
655,527.8374
656,487.5364
657,538.3938
658,553.4211
659,502.8149
660,542.0176
661,490.5505
662,537.0305
663,495.4001
664,552.9161
665,493.3163
666,547.661
667,542.7205
668,526.9434
669,506.5092
670,533.6052
671,556.5159
672,553.2347
673,522.2826
674,544.303
675,488.2899
676,594.823
677,581.801
678,644.086
679,624.213
680,585.197
681,649.65
682,645.19
683,603.023
684,656.789
685,624.512
686,697.159
687,688.809
688,680.469
689,722.954
690,685.479
691,723.907
692,764.898
693,729.244
694,748.209
695,752.465
696,683.485
697,691.581
698,716.004
699,767.192
700,780.168
701,823.966
702,753.03
703,808.075
704,837.6
705,835.331
706,905.464
707,787.202
708,878.248
709,788.741
710,853.853
711,806.342
712,857.246
713,910.212
714,907.366
715,911.373
716,857.73
717,901.987
718,977.233
719,946.658
720,893.486
721,967.524
722,913.326
723,1003.881
724,1006.215
725,1053.556
726,993.372
727,1024.613
728,1061.711
729,974.59
730,1131.987
731,1078.542
732,1008.798
733,1031.303
734,1047.84
735,1160.275
736,1139.835
737,1147.786
738,1048.485
739,1135.378
740,1213.461
741,1088.573
742,1233.449
743,1190.007
744,1131.019
745,1143.92
746,1246.757
747,1238.711
748,1254.595
749,1287.089
750,1306.132
751,1188.348
752,1346.295
753,1390.083
754,1221.505
755,1377.896
756,1325.063
757,1288.555
758,1326.554
759,1368.696
760,1445.618
761,1440.132
762,1406.84
763,1467.204
764,1331.92
765,1442.19
766,1366.469
767,1537.024
768,1593.907
769,1414.162
770,1521.439
771,1525.82
772,1509.92
773,1668.213
774,1607.778
775,1602.481
776,1637.313
777,1513.96
778,1562.867
779,1791.376
780,1774.798
781,1715.331
782,1735.285
783,1782.443
784,1839.338
785,1664.697
786,1702.101
787,1838.638
788,1879.612
789,1810.238
790,1726.905
791,1982.182
792,2004.026
793,1846.484
794,2002.854
795,2032.543
796,1982.553
797,1901.321
798,1878.352
799,2148.924
800,1949.116
801,359.453
802,406.6545
803,839.933
804,1246.126
805,1634.818
806,1632.389
807,1623.572
808,1631.322
809,1631.327
810,1623.541
811,348.1926
812,367.0448
813,795.215
814,1154.867
815,1563.52
816,1688.522
817,1663.745
818,1669.506
819,1687.063
820,1678.08
821,348.0884
822,357.0902
823,672.261
824,837.015
825,1275.175
826,1494.906
827,1607.266
828,1654.168
829,1660.927
830,1664.134
831,338.2945
832,328.0685
833,539.6089
834,721.346
835,937.933
836,1136.757
837,1391.395
838,1540.964
839,1619.472
840,1666.734
841,296.6636
842,285.5544
843,438.2247
844,557.1045
845,698.422
846,939.318
847,1211.759
848,1343.994
849,1507.536
850,1627.102
851,281.3478
852,257.1053
853,370.3117
854,410.4823
855,536.2839
856,683.663
857,949.009
858,1120.498
859,1222.614
860,1361.626
861,263.0959
862,240.0125
863,269.6475
864,324.226
865,439.0314
866,471.9229
867,827.956
868,949.192
869,1106.537
870,1227.486
871,198.6795
872,193.4141
873,270.7947
874,337.8792
875,393.7808
876,503.5198
877,605.272
878,759.21
879,960.287
880,999.488
881,190.9746
882,174.4035
883,254.5175
884,312.4875
885,309.2991
886,430.473
887,453.3058
888,559.453
889,678.93
890,750.077
891,153.3759
892,146.6407
893,169.6021
894,194.7023
895,266.9035
896,307.2484
897,466.7004
898,540.7823
899,558.7677
900,617.678
901,367.6953
902,404.4109
903,834.87
904,1348.875
905,1667.912
906,1688.735
907,1681.774
908,1706.984
909,1712.038
910,1704.759
911,357.8782
912,382.5347
913,865.067
914,1224.595
915,1618.567
916,1769.559
917,1789.823
918,1775.473
919,1771.519
920,1774.584
921,354.7306
922,360.4921
923,675.483
924,848.611
925,1258.359
926,1462.666
927,1600.174
928,1689.377
929,1693.444
930,1683.496
931,345.2713
932,336.9846
933,546.4323
934,687.743
935,903.421
936,1097.815
937,1433.229
938,1614.423
939,1714.573
940,1730.336
941,309.1621
942,299.3364
943,430.9092
944,529.2852
945,722.495
946,970.453
947,1135.483
948,1454.363
949,1594.746
950,1687.992
951,278.7614
952,268.3393
953,384.2498
954,413.3944
955,563.6118
956,627.295
957,841.039
958,983.094
959,1383.389
960,1507.753
961,209.9093
962,200.7488
963,319.7609
964,383.1354
965,437.3957
966,629.96
967,646.141
968,817.134
969,1006.322
970,1235.279
971,220.3969
972,204.0742
973,283.1906
974,332.8324
975,395.4134
976,449.3837
977,603.497
978,727.215
979,833.947
980,1118.317
981,205.4429
982,189.3259
983,217.3144
984,265.3207
985,404.0504
986,416.3269
987,455.0114
988,494.581
989,716.259
990,789.629
991,137.0904
992,190.27
993,222.5608
994,238.9364
995,272.6643
996,289.2913
997,419.7459
998,480.9073
999,629.442
1000,739.988
1001,376.4751
1002,414.0312
1003,872.449
1004,1305.04
1005,1751.692
1006,1804.915
1007,1787.93
1008,1793.182
1009,1783.097
1010,1796.066
1011,374.0859
1012,401.1085
1013,873.186
1014,1201.899
1015,1703.536
1016,1863.433
1017,1901.121
1018,1925.003
1019,1930.412
1020,1921.11
1021,357.0528
1022,363.1858
1023,672.026
1024,864.961
1025,1256.351
1026,1599.303
1027,1714.264
1028,1791.341
1029,1818.97
1030,1831.005
1031,334.529
1032,326.1745
1033,527.7436
1034,722.784
1035,964.969
1036,1237.463
1037,1383.215
1038,1630.37
1039,1729.566
1040,1731.007
1041,313.86
1042,298.8086
1043,439.431
1044,588.5489
1045,698.121
1046,829.23
1047,1020.058
1048,1309.593
1049,1435.819
1050,1536.304
1051,277.563
1052,264.3688
1053,385.7839
1054,435.1786
1055,554.6861
1056,704.507
1057,903.719
1058,1096.831
1059,1332.381
1060,1495.52
1061,229.189
1062,225.927
1063,332.2483
1064,388.2235
1065,433.0156
1066,592.4788
1067,742.643
1068,863.188
1069,1181.444
1070,1275.442
1071,192.3776
1072,212.4301
1073,292.6121
1074,312.0055
1075,398.9066
1076,562.8019
1077,763.908
1078,898.579
1079,925.882
1080,986.158
1081,160.4775
1082,152.4442
1083,210.3485
1084,301.6066
1085,392.3639
1086,464.6757
1087,497.3026
1088,652.745
1089,714.224
1090,817.254
1091,163.3009
1092,153.1551
1093,229.8741
1094,248.9603
1095,299.4785
1096,335.1744
1097,437.1576
1098,547.6325
1099,689.058
1100,883.11
1101,374.9715
1102,430.0743
1103,872.936
1104,1352.505
1105,1857.882
1106,1940.573
1107,1949.952
1108,1984.029
1109,1974.078
1110,1974.348
1111,388.3318
1112,417.1808
1113,850.183
1114,1253.414
1115,1693.367
1116,1834.2
1117,1846.72
1118,1846.466
1119,1856.433
1120,1850.171
1121,366.0046
1122,380.2392
1123,674.065
1124,840.478
1125,1207.474
1126,1577.943
1127,1785.599
1128,1873.021
1129,1902.259
1130,1918.149
1131,358.2557
1132,358.2294
1133,603.1777
1134,715.611
1135,894.236
1136,1364.714
1137,1510.941
1138,1733.136
1139,1774.819
1140,1834.848
1141,322.7639
1142,329.2478
1143,454.9939
1144,587.5107
1145,726.058
1146,901
1147,1143.039
1148,1391.229
1149,1531.926
1150,1653.198
1151,272.2947
1152,266.0765
1153,385.2583
1154,473.9037
1155,641.306
1156,833.802
1157,974.054
1158,1142.846
1159,1399.186
1160,1580.836
1161,257.0995
1162,244.1808
1163,306.4276
1164,380.5192
1165,509.8878
1166,577.4279
1167,817.638
1168,1038.359
1169,1091.865
1170,1410.728
1171,221.5758
1172,207.6386
1173,285.6619
1174,286.3953
1175,367.0081
1176,428.0761
1177,692.582
1178,763.878
1179,934.224
1180,1191.397
1181,190.0491
1182,180.8365
1183,265.4739
1184,296.8931
1185,365.523
1186,383.9068
1187,535.7159
1188,548.4075
1189,620.302
1190,813.956
1191,173.3998
1192,165.1236
1193,232.3608
1194,259.1618
1195,293.7128
1196,412.9521
1197,417.4549
1198,563.1068
1199,603.62
1200,838.359
1201,101.81776
1202,101.69306
1203,103.50539
1204,100.52772
1205,106.16171
1206,105.86929
1207,108.34462
1208,110.0268
1209,111.03825
1210,113.65451
1211,113.24461
1212,112.67147
1213,117.6524
1214,119.9283
1215,120.016
1216,119.5347
1217,120.7871
1218,126.844
1219,123.2357
1220,121.8614
1221,128.1296
1222,131.3012
1223,130.6833
1224,134.6768
1225,131.6083
1226,133.4965
1227,134.3558
1228,136.0521
1229,138.1243
1230,138.1142
1231,143.126
1232,140.3837
1233,146.3891
1234,145.355
1235,143.5315
1236,153.5602
1237,148.5286
1238,142.3109
1239,148.5121
1240,150.0387
1241,152.723
1242,152.2393
1243,150.9879
1244,155.0901
1245,160.9873
1246,161.2001
1247,155.7685
1248,160.8341
1249,161.2939
1250,161.2405
1251,156.2863
1252,167.6756
1253,166.3098
1254,166.0078
1255,167.3173
1256,167.2995
1257,171.0499
1258,170.8769
1259,171.1326
1260,168.8807
1261,165.1508
1262,172.1567
1263,173.7652
1264,176.7246
1265,176.8955
1266,181.8931
1267,181.182
1268,183.0999
1269,184.6794
1270,185.1516
1271,185.8469
1272,185.5182
1273,180.9519
1274,180.2826
1275,191.1321
1276,196.6445
1277,190.0834
1278,193.667
1279,194.3702
1280,188.1924
1281,195.8088
1282,195.5953
1283,194.864
1284,199.5324
1285,196.6358
1286,202.7396
1287,202.3097
1288,201.0445
1289,201.6943
1290,218.2515
1291,214.1753
1292,205.2055
1293,212.8338
1294,217.348
1295,214.6317
1296,214.6642
1297,218.8583
1298,217.7071
1299,223.147
1300,214.1391
1301,213.2408
1302,227.3456
1303,228.5239
1304,217.8987
1305,222.5342
1306,224.2005
1307,221.4091
1308,222.554
1309,246.5718
1310,234.7325
1311,233.0132
1312,224.1334
1313,241.7508
1314,229.7773
1315,239.9601
1316,233.6083
1317,236.3058
1318,241.0632
1319,245.7666
1320,241.1999
1321,245.985
1322,246.6051
1323,248.9335
1324,240.7111
1325,242.1901
1326,251.551
1327,247.1957
1328,244.5393
1329,254.7086
1330,249.151
1331,259.1195
1332,258.7352
1333,258.9975
1334,257.6713
1335,260.0452
1336,253.2278
1337,268.4837
1338,274.1488
1339,264.6775
1340,275.8556
1341,261.9384
1342,273.5545
1343,279.4213
1344,279.4934
1345,277.1512
1346,281.474
1347,271.6292
1348,271.8014
1349,270.1946
1350,285.132
1351,279.3567
1352,284.7276
1353,284.8343
1354,287.2458
1355,284.7931
1356,296.3337
1357,277.1235
1358,271.8791
1359,277.5001
1360,297.8845
1361,280.4631
1362,284.5704
1363,291.9838
1364,298.0584
1365,304.9234
1366,286.6679
1367,291.7579
1368,306.9329
1369,308.7913
1370,294.8966
1371,325.169
1372,306.5091
1373,299.8108
1374,301.0675
1375,309.6803
1376,311.6079
1377,315.6464
1378,312.4696
1379,306.361
1380,319.4883
1381,313.1043
1382,310.169
1383,299.5632
1384,317.2344
1385,313.4316
1386,332.0857
1387,316.4746
1388,314.7119
1389,330.9176
1390,327.1706
1391,319.4783
1392,320.041
1393,326.9082
1394,333.5714
1395,322.7149
1396,313.7868
1397,312.8327
1398,337.013
1399,330.0731
1400,329.8041
1401,338.5768
1402,350.3694
1403,328.2809
1404,331.9348
1405,341.564
1406,348.0802
1407,343.1966
1408,349.7012
1409,330.4394
1410,331.6077
1411,350.4924
1412,334.7476
1413,333.8037
1414,339.1138
1415,340.3294
1416,350.138
1417,355.953
1418,339.9025
1419,361.7395
1420,344.6537
1421,344.4029
1422,340.9855
1423,361.3873
1424,354.5718
1425,354.5718
1426,350.7776
1427,362.2003
1428,363.1875
1429,369.736
1430,365.6064
1431,365.5938
1432,374.8245
1433,355.5244
1434,358.1148
1435,370.6368
1436,392.1268
1437,355.1337
1438,363.2992
1439,385.155
1440,384.4534
1441,383.0899
1442,364.9842
1443,376.1168
1444,388.1935
1445,368.2596
1446,374.739
1447,390.8189
1448,385.4469
1449,380.5747
1450,384.907
1451,371.8035
1452,397.8095
1453,422.9853
1454,392.7901
1455,389.6216
1456,393.522
1457,390.2161
1458,385.232
1459,386.8686
1460,402.6989
1461,420.8739
1462,390.5952
1463,408.4297
1464,399.2893
1465,403.0897
1466,398.4671
1467,404.0199
1468,391.0768
1469,414.9931
1470,413.7206
1471,411.1987
1472,420.451
1473,417.3485
1474,404.3533
1475,409.5084
1476,427.2547
1477,424.1119
1478,438.3461
1479,401.7682
1480,424.2934
1481,421.344
1482,426.8621
1483,416.1282
1484,415.6097
1485,418.5875
1486,414.7713
1487,435.5494
1488,416.9712
1489,418.6996
1490,424.6722
1491,438.6097
1492,445.1279
1493,424.7214
1494,426.9278
1495,421.9284
1496,429.6008
1497,448.0869
1498,450.7668
1499,451.3016
1500,450.3295
1501,452.5338
1502,430.6468
1503,462.1923
1504,434.4647
1505,431.7396
1506,445.9072
1507,444.8305
1508,438.9262
1509,458.1206
1510,454.2164
1511,442.6702
1512,463.652
1513,469.4209
1514,486.0912
1515,445.4907
1516,475.5275
1517,473.0373
1518,469.8935
1519,473.9382
1520,461.4429
1521,478.9699
1522,455.2011
1523,455.2643
1524,461.9539
1525,483.8947
1526,454.9881
1527,484.6083
1528,468.2558
1529,496.0187
1530,492.2066
1531,483.8671
1532,473.7913
1533,483.681
1534,468.1094
1535,476.2186
1536,475.7151
1537,467.7699
1538,485.7114
1539,469.0173
1540,700.594
1541,476.1625
1542,493.3973
1543,494.1788
1544,505.6966
1545,529.3342
1546,498.4249
1547,491.1933
1548,484.9643
1549,501.6732
1550,508.5175
1551,521.5214
1552,510.8455
1553,511.2887
1554,489.3256
1555,496.3166
1556,516.5241
1557,503.4619
1558,498.5823
1559,530.9779
1560,528.7695
1561,493.2026
1562,526.5227
1563,517.1265
1564,497.3179
1565,504.3024
1566,533.3714
1567,513.1632
1568,541.9838
1569,518.3299
1570,538.0842
1571,516.4311
1572,540.6185
1573,536.9709
1574,549.8115
1575,546.3135
1576,514.8795
1577,526.5107
1578,519.6308
1579,532.2365
1580,551.922
1581,555.2856
1582,548.0356
1583,543.8889
1584,551.077
1585,561.738
1586,518.2806
1587,531.7644
1588,553.0049
1589,550.1344
1590,550.2976
1591,533.6284
1592,565.5545
1593,555.6877
1594,542.1586
1595,541.3162
1596,535.8065
1597,571.7159
1598,552.7023
1599,559.3305
1600,549.5715
1601,568.9122
1602,557.3789
1603,552.4258
1604,551.9777
1605,560.6785
1606,556.4695
1607,555.1228
1608,579.899
1609,572.0621
1610,572.6742
1611,592.0252
1612,576.8869
1613,559.9878
1614,587.9068
1615,586.6531
1616,605.8401
1617,582.3885
1618,604.1106
1619,600.4632
1620,581.4362
1621,603.5156
1622,576.3479
1623,578.5806
1624,607.6715
1625,615.5538
1626,610.6959
1627,599.608
1628,586.3549
1629,624.3893
1630,581.2765
1631,594.9281
1632,587.9203
1633,620.514
1634,586.1171
1635,657.6694
1636,600.3763
1637,635.4512
1638,618.8867
1639,614.7799
1640,625.9508
1641,634.0839
1642,607.3218
1643,604.738
1644,622.4642
1645,658.8066
1646,632.3519
1647,601.4993
1648,644.3811
1649,603.419
1650,648.6439
1651,605.6529
1652,669.7089
1653,627.8138
1654,614.8884
1655,654.925
1656,622.0731
1657,664.4796
1658,672.6398
1659,630.7049
1660,667.0777
1661,628.3867
1662,662.021
1663,630.0566
1664,683.976
1665,632.4151
1666,665.9045
1667,670.5585
1668,660.9331
1669,645.1419
1670,659.4435
1671,687.2084
1672,676.4737
1673,666.9991
1674,696.455
1675,608.9917
1676,751.771
1677,745.076
1678,801.167
1679,784.47
1680,759.112
1681,787.286
1682,823.619
1683,772.236
1684,826.03
1685,799.898
1686,848.1
1687,870.153
1688,869.831
1689,905.771
1690,885.145
1691,915.714
1692,959.078
1693,920.845
1694,933.114
1695,952.365
1696,887.377
1697,901.565
1698,925.585
1699,969.848
1700,998.22
1701,1044.501
1702,981.375
1703,1039.716
1704,1080.124
1705,1071.716
1706,1149.931
1707,1035.326
1708,1107.435
1709,1022.818
1710,1102.853
1711,1070.54
1712,1106.501
1713,1163.968
1714,1159.703
1715,1194.72
1716,1127.06
1717,1178.211
1718,1227.668
1719,1233.64
1720,1187.691
1721,1249.288
1722,1204.25
1723,1270.69
1724,1281.87
1725,1351.818
1726,1303.82
1727,1328.343
1728,1403.114
1729,1281.098
1730,1455.491
1731,1405.868
1732,1344.775
1733,1366.207
1734,1381.645
1735,1473.909
1736,1474.074
1737,1470.833
1738,1406.568
1739,1499.437
1740,1564.349
1741,1463.245
1742,1609.051
1743,1569.544
1744,1516.691
1745,1528.554
1746,1651.25
1747,1643.143
1748,1656.488
1749,1678.406
1750,1696.909
1751,1603.587
1752,1744.829
1753,1813.453
1754,1655.086
1755,1815.104
1756,1737.909
1757,1732.516
1758,1782.047
1759,1828.451
1760,1878.6
1761,1900.622
1762,1885.23
1763,1922.068
1764,1815.028
1765,1931.326
1766,1841.457
1767,2006.901
1768,2079.835
1769,1917.118
1770,2044.992
1771,2039.067
1772,2040.59
1773,2207.655
1774,2150.568
1775,2139.242
1776,2160.405
1777,2077.594
1778,2143.123
1779,2385.12
1780,2338.995
1781,2316.981
1782,2330.998
1783,2380.149
1784,2437.353
1785,2303.5
1786,2332.166
1787,2475.4
1788,2506.812
1789,2457.255
1790,2360.626
1791,2628.995
1792,2691.179
1793,2526.024
1794,2676.76
1795,2719.758
1796,2681.647
1797,2612.977
1798,2609.309
1799,2868.46
1800,2702.291
1801,400.4102
1802,445.9439
1803,920.096
1804,1382.614
1805,1862.831
1806,1968.705
1807,1978.446
1808,1969.429
1809,1994.925
1810,2001.96
1811,392.4965
1812,417.2323
1813,853.721
1814,1274.118
1815,1716.678
1816,1999.47
1817,1954.506
1818,1979.86
1819,1981.846
1820,1983.191
1821,390.2072
1822,391.276
1823,687.953
1824,937.148
1825,1249.702
1826,1501.572
1827,1828.801
1828,1895.704
1829,1930.569
1830,1945.959
1831,372.3122
1832,361.6529
1833,564.6952
1834,740.042
1835,905.324
1836,1337.1
1837,1467.893
1838,1763.853
1839,1864.809
1840,1990.983
1841,333.3257
1842,328.1454
1843,492.2105
1844,585.0671
1845,829.563
1846,919.338
1847,1178.51
1848,1332.663
1849,1713.781
1850,1742.355
1851,295.6812
1852,277.8881
1853,377.7054
1854,461.0539
1855,619.7004
1856,793.729
1857,1019.105
1858,1067.438
1859,1313.301
1860,1498.758
1861,248.7671
1862,228.6703
1863,344.707
1864,413.64
1865,509.922
1866,631.9554
1867,775.48
1868,917.941
1869,1020.205
1870,1359.227
1871,205.2988
1872,190.3486
1873,324.4425
1874,309.0493
1875,466.1125
1876,585.5158
1877,628.335
1878,760.155
1879,894.694
1880,1208.737
1881,210.1324
1882,200.7971
1883,288.7115
1884,296.6063
1885,375.3235
1886,435.9826
1887,482.2634
1888,920.237
1889,870.976
1890,993.359
1891,167.9781
1892,159.3541
1893,217.749
1894,249.3983
1895,356.1735
1896,408.8175
1897,460.0171
1898,663.836
1899,720.92
1900,820.422
1901,394.2561
1902,434.6578
1903,953.993
1904,1442.857
1905,1954.588
1906,2100.087
1907,2107.336
1908,2140.084
1909,2148.189
1910,2165.524
1911,416.6022
1912,440.8428
1913,961.778
1914,1342.815
1915,1746.991
1916,1985.004
1917,1992.535
1918,1995.273
1919,2018.956
1920,2011.914
1921,395.187
1922,410.749
1923,735.575
1924,948.324
1925,1378.541
1926,1630.974
1927,1834.274
1928,1943.964
1929,1976.393
1930,2023.615
1931,390.0055
1932,387.9883
1933,573.3177
1934,680.999
1935,1034.337
1936,1286.111
1937,1464.258
1938,1728.498
1939,1915.331
1940,1975.277
1941,336.955
1942,318.0232
1943,487.0277
1944,594.5157
1945,794.456
1946,1096.945
1947,1314.585
1948,1449.616
1949,1650.648
1950,1766.62
1951,301.9183
1952,285.5043
1953,431.1135
1954,477.3086
1955,785.96
1956,854.567
1957,1037.984
1958,1218.515
1959,1360.819
1960,1642.613
1961,263.1237
1962,255.1307
1963,358.9222
1964,440.9868
1965,496.7996
1966,612.7213
1967,704.47
1968,934.504
1969,1232.861
1970,1398.997
1971,205.5362
1972,198.5678
1973,295.1442
1974,329.1289
1975,399.6283
1976,446.6795
1977,508.3427
1978,679.362
1979,903.371
1980,1084.504
1981,224.9483
1982,209.8457
1983,271.8847
1984,285.4298
1985,367.9296
1986,470.4851
1987,519.0225
1988,741.983
1989,880.431
1990,900.75
1991,186.4105
1992,170.5033
1993,248.5845
1994,308.4246
1995,342.1023
1996,401.1169
1997,466.774
1998,640.6173
1999,924.304
2000,976.111
2001,434.7167
2002,492.1264
2003,980.534
2004,1487.215
2005,2060.954
2006,2199.986
2007,2210.258
2008,2216.789
2009,2218.059
2010,2211.527
2011,439.9917
2012,457.8386
2013,997.228
2014,1340.569
2015,1817.135
2016,2052.856
2017,2084.569
2018,2123.823
2019,2137.241
2020,2141.071
2021,405.7084
2022,417.8109
2023,730.008
2024,1009.359
2025,1298.285
2026,1705.093
2027,1930.482
2028,2055.913
2029,2143.837
2030,2182.345
2031,400.4708
2032,392.0084
2033,645.0168
2034,732.008
2035,980.706
2036,1426.407
2037,1530.92
2038,1853.677
2039,1979.475
2040,2026.965
2041,344.8713
2042,353.8295
2043,539.0695
2044,633.4202
2045,871.804
2046,1041.617
2047,1239.079
2048,1495.794
2049,1732.839
2050,1875.141
2051,309.6145
2052,297.4353
2053,392.4395
2054,482.5554
2055,737.189
2056,873.76
2057,1117.635
2058,1247.09
2059,1347.359
2060,1564.017
2061,259.1701
2062,249.2844
2063,385.1478
2064,437.8156
2065,497.0511
2066,589.4926
2067,675.16
2068,1028.843
2069,1160.877
2070,1380.932
2071,250.6887
2072,223.0228
2073,294.4389
2074,383.8086
2075,495.1205
2076,618.0893
2077,655.183
2078,885.94
2079,1034.009
2080,1149.228
2081,161.421
2082,206.4604
2083,284.0297
2084,317.554
2085,396.0641
2086,501.832
2087,612.0141
2088,679.465
2089,768.479
2090,825.511
2091,174.3395
2092,190.0869
2093,214.1401
2094,247.7989
2095,327.6695
2096,355.4796
2097,398.2541
2098,522.844
2099,618.566
2100,928.125
2101,462.5821
2102,501.6269
2103,1168.793
2104,1558.614
2105,2141.999
2106,2270.008
2107,2289.27
2108,2302.857
2109,2315.823
2110,2330.702
2111,443.2131
2112,478.188
2113,1147.226
2114,1553.4
2115,1990.625
2116,2181.048
2117,2248.886
2118,2238.137
2119,2232.192
2120,2278.585
2121,430.2908
2122,450.3703
2123,835.063
2124,1000.785
2125,1346.769
2126,1829.515
2127,2062.977
2128,2177.642
2129,2241.182
2130,2271.254
2131,414.1658
2132,414.5591
2133,623.4964
2134,818.563
2135,997.989
2136,1281.535
2137,1628.316
2138,1836.434
2139,1976.083
2140,2074.566
2141,394.4956
2142,375.6299
2143,604.8416
2144,662.7934
2145,830.32
2146,942.427
2147,1298.507
2148,1679.839
2149,1701.851
2150,1881.824
2151,321.4207
2152,294.4088
2153,481.9062
2154,559.9945
2155,620.8907
2156,778.646
2157,970.032
2158,1213.342
2159,1300.826
2160,1537.445
2161,272.3929
2162,265.5927
2163,368.9345
2164,419.0508
2165,525.255
2166,626.8155
2167,713.308
2168,930.107
2169,1171.392
2170,1397.846
2171,205.5651
2172,199.5692
2173,342.3507
2174,372.3873
2175,526.1415
2176,601.7773
2177,735.254
2178,832.368
2179,1041.562
2180,1169.108
2181,189.8744
2182,220.1447
2183,278.7109
2184,369.7295
2185,421.5597
2186,473.0327
2187,540.3278
2188,609.9379
2189,678.865
2190,979.212
2191,159.7528
2192,153.6396
2193,267.668
2194,342.7953
2195,366.8552
2196,396.3306
2197,582.2507
2198,716.928
2199,872.875
2200,926.407
2201,119.48778
2202,121.2964
2203,125.26291
2204,120.81049
2205,124.57294
2206,125.45684
2207,126.72843
2208,131.17199
2209,138.87648
2210,132.10378
2211,132.75547
2212,134.76034
2213,138.34277
2214,137.37868
2215,139.4243
2216,139.2558
2217,142.9403
2218,157.3138
2219,142.6534
2220,144.0812
2221,145.4319
2222,151.5941
2223,149.7799
2224,164.0353
2225,149.5089
2226,154.4014
2227,150.9481
2228,154.9636
2229,162.5788
2230,159.0641
2231,166.0306
2232,166.3125
2233,166.9535
2234,167.0056
2235,166.1957
2236,176.6281
2237,170.7212
2238,170.223
2239,168.6942
2240,168.6339
2241,176.32
2242,175.7033
2243,172.6598
2244,175.1002
2245,181.9053
2246,185.8265
2247,182.583
2248,185.3297
2249,185.3215
2250,183.781
2251,181.9611
2252,194.5385
2253,195.0735
2254,193.175
2255,199.679
2256,200.986
2257,191.1358
2258,200.0058
2259,197.4739
2260,195.1299
2261,197.2685
2262,198.1668
2263,202.3096
2264,202.7108
2265,207.3562
2266,211.1068
2267,204.7332
2268,208.1317
2269,217.913
2270,209.3527
2271,214.1455
2272,215.8213
2273,212.9513
2274,217.9614
2275,218.6203
2276,221.2664
2277,226.7745
2278,215.7692
2279,223.3725
2280,224.007
2281,230.658
2282,227.3291
2283,228.4654
2284,228.626
2285,233.9743
2286,237.4427
2287,240.169
2288,237.9582
2289,239.166
2290,252.0138
2291,241.8968
2292,241.679
2293,255.6448
2294,255.9664
2295,250.7281
2296,245.1319
2297,256.6268
2298,255.9935
2299,260.4032
2300,253.5366
2301,259.2862
2302,262.4342
2303,262.0225
2304,257.7765
2305,267.3893
2306,267.8117
2307,262.6236
2308,262.7211
2309,277.5997
2310,268.1306
2311,274.0336
2312,266.4845
2313,276.0684
2314,273.7246
2315,285.2305
2316,271.9172
2317,276.554
2318,281.7648
2319,281.6364
2320,288.0595
2321,287.5441
2322,295.0692
2323,286.9998
2324,287.2995
2325,285.6267
2326,292.7154
2327,295.0353
2328,298.1155
2329,297.0714
2330,298.9751
2331,296.2754
2332,306.841
2333,313.121
2334,299.6891
2335,307.0556
2336,300.3215
2337,313.806
2338,314.7246
2339,309.0283
2340,318.7244
2341,311.0466
2342,321.9308
2343,322.7332
2344,329.0464
2345,323.6249
2346,331.4805
2347,325.5312
2348,315.7958
2349,319.6534
2350,332.4753
2351,319.0697
2352,322.3389
2353,325.9903
2354,339.0831
2355,333.3649
2356,346.3174
2357,329.519
2358,324.4923
2359,328.429
2360,342.7244
2361,338.7215
2362,343.6359
2363,348.9093
2364,349.2271
2365,357.8362
2366,344.1419
2367,361.5774
2368,362.1718
2369,363.3882
2370,353.7318
2371,377.0725
2372,366.2409
2373,356.4306
2374,351.3033
2375,370.5141
2376,377.025
2377,357.0346
2378,372.5225
2379,357.9377
2380,373.1012
2381,372.1822
2382,375.2687
2383,369.7566
2384,380.5947
2385,371.5996
2386,386.8825
2387,378.7961
2388,368.1567
2389,382.1987
2390,388.6735
2391,382.6735
2392,386.2384
2393,381.9941
2394,394.9705
2395,393.1409
2396,384.0733
2397,382.5124
2398,395.3603
2399,391.0309
2400,390.5421
2401,403.1318
2402,408.194
2403,404.2431
2404,403.1693
2405,408.9467
2406,397.4192
2407,400.555
2408,406.3068
2409,398.7252
2410,400.3232
2411,416.4808
2412,405.1138
2413,408.9456
2414,410.1886
2415,415.1536
2416,409.4366
2417,428.6492
2418,407.9932
2419,416.7305
2420,416.2923
2421,412.4964
2422,411.0624
2423,422.8315
2424,417.3283
2425,417.3283
2426,415.6369
2427,423.3234
2428,421.6343
2429,439.9497
2430,426.0612
2431,442.4841
2432,429.3404
2433,432.3591
2434,432.4855
2435,433.4008
2436,455.2319
2437,433.7268
2438,444.2026
2439,442.8606
2440,452.5718
2441,442.2678
2442,437.3509
2443,449.8882
2444,458.5983
2445,438.7258
2446,454.5226
2447,459.9687
2448,457.9279
2449,458.3832
2450,461.1757
2451,454.3006
2452,473.5591
2453,491.968
2454,469.7151
2455,469.8959
2456,476.7927
2457,467.5566
2458,464.5256
2459,462.4445
2460,486.078
2461,492.4006
2462,466.5291
2463,477.6472
2464,488.258
2465,475.3143
2466,474.5689
2467,490.6061
2468,481.2922
2469,492.8625
2470,493.8849
2471,508.3797
2472,510.9346
2473,493.9182
2474,489.3223
2475,492.1139
2476,503.1304
2477,506.0329
2478,498.0798
2479,488.3914
2480,507.1344
2481,503.5934
2482,505.6412
2483,509.6306
2484,494.5771
2485,509.3155
2486,505.7958
2487,502.5675
2488,507.4801
2489,499.5332
2490,512.3988
2491,528.0937
2492,521.4649
2493,517.0177
2494,523.5154
2495,509.4051
2496,518.1228
2497,531.9199
2498,529.6598
2499,540.3712
2500,544.8916
2501,535.1742
2502,520.5522
2503,547.6407
2504,512.0259
2505,522.5845
2506,546.0667
2507,535.7302
2508,538.4299
2509,559.4476
2510,542.8532
2511,542.1168
2512,559.7101
2513,559.0285
2514,556.2731
2515,546.4591
2516,573.8283
2517,566.4685
2518,563.5509
2519,576.7314
2520,549.1977
2521,574.3043
2522,554.537
2523,566.6906
2524,557.7912
2525,577.1635
2526,551.8717
2527,578.0999
2528,564.6494
2529,585.3147
2530,583.8938
2531,573.2995
2532,579.0288
2533,586.957
2534,581.1302
2535,579.5306
2536,584.3092
2537,577.2274
2538,587.4653
2539,577.4486
2540,861.6948
2541,577.4663
2542,594.2321
2543,596.5261
2544,595.3554
2545,622.4771
2546,585.4653
2547,598.9781
2548,599.6834
2549,609.9488
2550,620.5311
2551,601.1097
2552,616.2436
2553,607.1733
2554,604.6067
2555,600.5337
2556,624.4459
2557,602.7608
2558,603.514
2559,621.6862
2560,615.7599
2561,612.8077
2562,633.8498
2563,613.2147
2564,609.4894
2565,609.1187
2566,630.1699
2567,623.762
2568,643.0478
2569,628.7128
2570,646.9733
2571,623.4232
2572,636.3853
2573,662.2107
2574,654.4342
2575,649.5635
2576,645.8132
2577,647.9822
2578,634.5651
2579,643.0505
2580,653.3258
2581,657.0697
2582,661.4683
2583,649.5245
2584,661.5307
2585,643.8512
2586,633.4431
2587,638.2433
2588,656.0249
2589,669.503
2590,664.1944
2591,651.6963
2592,646.5097
2593,675.1808
2594,671.7715
2595,657.4407
2596,659.7889
2597,681.8526
2598,672.3939
2599,673.3727
2600,673.8051
2601,685.9956
2602,676.2529
2603,675.4004
2604,694.1447
2605,682.3372
2606,681.3536
2607,683.5244
2608,710.6992
2609,686.2476
2610,697.2444
2611,723.4963
2612,701.2357
2613,694.2112
2614,710.6166
2615,716.6955
2616,717.7091
2617,705.0245
2618,723.5651
2619,730.6434
2620,712.2478
2621,715.655
2622,700.8875
2623,718.6967
2624,720.4561
2625,735.3789
2626,732.7214
2627,728.8213
2628,727.002
2629,732.6306
2630,708.4737
2631,728.6234
2632,714.784
2633,741.9564
2634,722.5355
2635,776.6453
2636,721.8217
2637,772.0301
2638,743.5252
2639,754.6591
2640,750.84
2641,749.8921
2642,751.9207
2643,725.846
2644,774.6972
2645,782.4255
2646,756.91
2647,741.3042
2648,772.7567
2649,743.2656
2650,779.7607
2651,748.9263
2652,784.6928
2653,777.4518
2654,755.9051
2655,788.029
2656,769.3869
2657,789.1708
2658,796.6193
2659,768.5619
2660,804.9215
2661,775.8478
2662,786.8326
2663,776.7356
2664,797.1714
2665,787.2687
2666,787.7879
2667,805.5318
2668,807.1097
2669,783.2377
2670,804.9497
2671,819.4129
2672,840.6313
2673,830.9296
2674,847.1627
2675,731.5044
2676,912.101
2677,909.467
2678,960.882
2679,947.064
2680,940.262
2681,966.44
2682,1014.86
2683,956.592
2684,1005.344
2685,1007.135
2686,1036.419
2687,1040.682
2688,1032.556
2689,1070.929
2690,1097.139
2691,1112.824
2692,1170.706
2693,1105.18
2694,1132.406
2695,1147.242
2696,1115.28
2697,1125.616
2698,1160.601
2699,1207.2
2700,1214.156
2701,1276.025
2702,1244.128
2703,1291.605
2704,1328.582
2705,1327.481
2706,1404.144
2707,1287.359
2708,1347.85
2709,1304.953
2710,1363.607
2711,1324.197
2712,1373.889
2713,1412.269
2714,1402.233
2715,1448.202
2716,1423.216
2717,1485.353
2718,1516.412
2719,1514.765
2720,1478.804
2721,1544.925
2722,1508.333
2723,1574.366
2724,1583.694
2725,1651.721
2726,1599.722
2727,1635.824
2728,1710.87
2729,1630.181
2730,1797.494
2731,1762.092
2732,1688.493
2733,1747.338
2734,1745.359
2735,1832.769
2736,1812.387
2737,1825.729
2738,1793.416
2739,1860.732
2740,1911.948
2741,1867.091
2742,1986.746
2743,1957.803
2744,1918.499
2745,1951.931
2746,2078.65
2747,2041.984
2748,2080.564
2749,2096.981
2750,2103.179
2751,2046.383
2752,2172.995
2753,2258.154
2754,2095.443
2755,2257.439
2756,2187.721
2757,2195.783
2758,2257.39
2759,2300.213
2760,2324.548
2761,2389.512
2762,2371.388
2763,2389.786
2764,2327.472
2765,2435.249
2766,2365.404
2767,2525.961
2768,2605.537
2769,2443.546
2770,2584.262
2771,2576.464
2772,2641.979
2773,2776.4
2774,2695.289
2775,2681.864
2776,2716.411
2777,2643.425
2778,2727.372
2779,2969.183
2780,2952.621
2781,2958.733
2782,2972.27
2783,3026.16
2784,3085.049
2785,2958.379
2786,3011.628
2787,3161.333
2788,3151.07
2789,3129.575
2790,3037.017
2791,3350.776
2792,3382.226
2793,3249.391
2794,3397.272
2795,3436.162
2796,3425.008
2797,3368.188
2798,3404.911
2799,3638.163
2800,3473.599
2801,482.3234
2802,540.7926
2803,1251.997
2804,1810.834
2805,2321.841
2806,2314.149
2807,2343.917
2808,2365.927
2809,2379.416
2810,2379.87
2811,469.707
2812,494.6209
2813,1136.708
2814,1715.832
2815,1940.215
2816,2198.521
2817,2280.005
2818,2289.245
2819,2325.908
2820,2333.99
2821,432.2351
2822,446.1611
2823,937.603
2824,1020.728
2825,1437.31
2826,1762.447
2827,2059.344
2828,2151.993
2829,2259.582
2830,2272.895
2831,433.2003
2832,415.7484
2833,710.7544
2834,887.349
2835,1230.818
2836,1352.497
2837,1569.399
2838,1837.41
2839,2025.221
2840,2267.952
2841,368.5927
2842,358.5379
2843,599.5779
2844,762.2997
2845,901.694
2846,1157.224
2847,1261.811
2848,1481.795
2849,1648.513
2850,1897.919
2851,329.1062
2852,307.6087
2853,498.7325
2854,635.9339
2855,748.7853
2856,951.344
2857,1039.617
2858,1383.044
2859,1520.155
2860,1746.382
2861,252.6099
2862,244.4093
2863,390.8099
2864,437.0324
2865,515.8764
2866,623.0951
2867,875.679
2868,1078.753
2869,1198.371
2870,1409.99
2871,223.6339
2872,210.6371
2873,326.7316
2874,390.6268
2875,465.4158
2876,553.7714
2877,710.801
2878,760.538
2879,969.31
2880,1110.751
2881,209.8092
2882,200.8034
2883,279.9672
2884,335.5192
2885,460.6997
2886,565.192
2887,700.447
2888,823.17
2889,938.995
2890,971.521
2891,108.14366
2892,222.113
2893,265.7004
2894,347.0103
2895,360.4786
2896,414.3517
2897,468.0978
2898,595.4027
2899,593.3791
2900,660.0009
2901,505.7476
2902,570.6594
2903,1308.214
2904,1959.2
2905,2802.662
2906,3169.309
2907,3273.552
2908,3099.862
2909,2639.496
2910,2626.366
2911,492.3682
2912,500.8071
2913,1246.464
2914,1811.457
2915,2574.639
2916,2990.407
2917,3108.634
2918,2822.427
2919,2600.729
2920,2582.99
2921,467.658
2922,468.7808
2923,935.033
2924,1297.394
2925,1767.342
2926,2319.495
2927,2679.89
2928,2850.792
2929,2429.745
2930,2438.014
2931,443.2019
2932,439.6444
2933,755.5319
2934,981.052
2935,1283.708
2936,1724.898
2937,2063.211
2938,2464.318
2939,2756.74
2940,2957.847
2941,384.1076
2942,374.4745
2943,634.09
2944,747.9583
2945,980.785
2946,1317.176
2947,1584.707
2948,1957.962
2949,2272.762
2950,2494.207
2951,341.36
2952,323.5385
2953,478.8574
2954,592.5956
2955,737.8447
2956,1000.242
2957,1280.887
2958,1569.748
2959,1823.491
2960,1745.103
2961,270.5164
2962,260.4485
2963,397.8818
2964,483.3028
2965,666.4112
2966,822.076
2967,1012.106
2968,1076.374
2969,1295.174
2970,1611.97
2971,202.284
2972,203.0677
2973,346.6178
2974,424.4255
2975,530.0861
2976,713.0697
2977,921.885
2978,1107.101
2979,1269.471
2980,1465.972
2981,190.9611
2982,187.899
2983,298.5573
2984,364.8401
2985,489.0285
2986,582.2345
2987,690.7616
2988,803.0688
2989,965.725
2990,1220.745
2991,119.00913
2992,123.35404
2993,305.6046
2994,359.2077
2995,441.4053
2996,483.7731
2997,552.3264
2998,644.2493
2999,832.933
3000,900.975
3001,532.4808
3002,590.314
3003,1366.37
3004,2042.102
3005,2908.974
3006,3328.842
3007,3429.16
3008,3460.453
3009,3522.924
3010,3549.513
3011,513.8011
3012,550.4133
3013,1249.918
3014,1909.851
3015,2636.809
3016,3124.585
3017,3316.378
3018,3398.315
3019,3445.226
3020,3482.52
3021,475.3389
3022,490.1595
3023,960.355
3024,1241.93
3025,1828.238
3026,2369.671
3027,2758.637
3028,3083.297
3029,3264.087
3030,3314.059
3031,460.9855
3032,463.3567
3033,766.2502
3034,1014.985
3035,1385.626
3036,1798.07
3037,2120.7
3038,2535.852
3039,2825.74
3040,3081.915
3041,390.3323
3042,390.0057
3043,617.4988
3044,810.6188
3045,974.075
3046,1299.066
3047,1512.604
3048,1994.113
3049,2303.286
3050,2677.278
3051,328.8041
3052,311.9568
3053,557.3771
3054,752.8759
3055,791.2508
3056,1171.4
3057,1391.671
3058,1654.786
3059,1893.152
3060,2178.369
3061,296.8807
3062,271.3151
3063,470.6372
3064,582.8135
3065,708.2712
3066,884.967
3067,1129.582
3068,1323.02
3069,1532.135
3070,1806.86
3071,259.3635
3072,249.9577
3073,364.6339
3074,434.1341
3075,618.8283
3076,788.2722
3077,934.748
3078,1247.08
3079,1330.753
3080,1516.89
3081,209.9095
3082,205.9937
3083,342.2386
3084,464.1386
3085,530.1735
3086,649.9992
3087,796.8997
3088,970.358
3089,1154.126
3090,1302.55
3091,169.8051
3092,169.7011
3093,279.9018
3094,337.4964
3095,385.4211
3096,502.2389
3097,558.0352
3098,819.5553
3099,1006.326
3100,1168.733
3101,550.658
3102,607.2543
3103,1432.283
3104,2111.329
3105,3041.313
3106,3477.948
3107,3585.266
3108,3639.579
3109,3701.595
3110,3741.721
3111,528.4696
3112,578.1201
3113,1311.713
3114,1955.778
3115,2778.497
3116,3263.108
3117,3396.166
3118,3522.867
3119,3626.153
3120,3692.82
3121,492.5601
3122,502.3015
3123,987.016
3124,1332.721
3125,1876.255
3126,2488.99
3127,2951.858
3128,3283.448
3129,3357.128
3130,3490.294
3131,452.6749
3132,462.6051
3133,786.3228
3134,998.803
3135,1443.246
3136,1846.902
3137,2185.745
3138,2701.36
3139,3029.456
3140,3240.001
3141,407.8197
3142,400.771
3143,676.812
3144,829.7402
3145,1181.613
3146,1436.61
3147,1791.914
3148,2061.173
3149,2424.842
3150,2674.024
3151,346.4772
3152,336.7475
3153,543.8485
3154,719.2117
3155,817.7977
3156,1221.476
3157,1387.304
3158,1676.224
3159,2106.089
3160,2287.495
3161,290.0039
3162,307.7876
3163,453.3978
3164,565.3854
3165,750.7041
3166,961.535
3167,1083.11
3168,1417.591
3169,1636.396
3170,1863.31
3171,257.904
3172,240.5812
3173,380.4337
3174,431.2995
3175,520.8845
3176,627.0179
3177,1101.197
3178,1201.877
3179,1329.223
3180,1621.427
3181,230.0445
3182,220.6132
3183,357.9316
3184,412.216
3185,496.8843
3186,708.5681
3187,886.8251
3188,1005.379
3189,1331.828
3190,1523.65
3191,199.2888
3192,194.5333
3193,276.2112
3194,317.9787
3195,359.7575
3196,504.3673
3197,566.8289
3198,692.4842
3199,1053.164
3200,1256.514
3201,139.33141
3202,140.61508
3203,145.1086
3204,144.89416
3205,143.02589
3206,149.33204
3207,150.91919
3208,151.4444
3209,156.47817
3210,157.75321
3211,158.30117
3212,160.57014
3213,162.82341
3214,168.3638
3215,173.75183
3216,172.9355
3217,172.8583
3218,173.5991
3219,175.9641
3220,175.9295
3221,179.6214
3222,177.7292
3223,188.6825
3224,189.0511
3225,184.3666
3226,191.2465
3227,192.0375
3228,195.0617
3229,196.5527
3230,193.2392
3231,205.7838
3232,204.1846
3233,205.7689
3234,207.6518
3235,206.2975
3236,213.726
3237,216.6835
3238,210.5446
3239,213.5798
3240,217.7137
3241,221.9466
3242,215.9127
3243,222.1204
3244,224.0036
3245,223.913
3246,232.1177
3247,227.0756
3248,232.6005
3249,236.2003
3250,229.151
3251,234.1535
3252,240.6839
3253,237.6023
3254,243.6986
3255,232.4793
3256,248.6144
3257,245.0027
3258,250.9419
3259,246.8979
3260,242.7576
3261,250.7531
3262,259.5952
3263,259.9721
3264,256.1378
3265,256.5823
3266,259.6863
3267,262.9603
3268,266.7959
3269,262.9781
3270,266.8904
3271,266.212
3272,272.6828
3273,275.0176
3274,278.544
3275,275.9012
3276,284.8304
3277,283.6284
3278,286.2345
3279,283.5328
3280,282.1427
3281,288.5459
3282,297.8364
3283,296.3152
3284,296.4925
3285,293.0515
3286,293.8253
3287,300.5946
3288,303.8956
3289,309.9751
3290,308.9251
3291,315.0477
3292,312.8931
3293,306.4098
3294,315.8942
3295,315.2437
3296,313.8122
3297,321.9002
3298,317.076
3299,326.9576
3300,330.7254
3301,338.7508
3302,338.2439
3303,333.9476
3304,343.8939
3305,345.1308
3306,348.0113
3307,328.6469
3308,340.4453
3309,351.0266
3310,351.8288
3311,346.8108
3312,350.4329
3313,352.3711
3314,355.0377
3315,357.2675
3316,357.1105
3317,359.2224
3318,361.9866
3319,363.6718
3320,366.2645
3321,369.9596
3322,374.874
3323,375.5279
3324,369.7078
3325,365.4323
3326,381.2771
3327,382.099
3328,396.7574
3329,387.5328
3330,394.5315
3331,397.3153
3332,396.0737
3333,404.5514
3334,405.3314
3335,402.7771
3336,408.8395
3337,406.8463
3338,401.6088
3339,410.5832
3340,416.0581
3341,425.5985
3342,406.867
3343,412.02
3344,415.1676
3345,415.1694
3346,421.6223
3347,422.8634
3348,419.291
3349,396.6514
3350,428.5507
3351,430.3583
3352,415.7862
3353,431.2887
3354,436.489
3355,435.2804
3356,430.6322
3357,394.6205
3358,433.5737
3359,446.262
3360,445.9852
3361,447.1935
3362,451.2402
3363,455.016
3364,456.4985
3365,472.5341
3366,475.4773
3367,428.5251
3368,479.1723
3369,479.3728
3370,465.9569
3371,476.2089
3372,477.7618
3373,476.1714
3374,492.0119
3375,478.6325
3376,479.9131
3377,485.0212
3378,484.387
3379,486.2028
3380,492.3595
3381,493.7612
3382,499.6093
3383,489.9878
3384,493.4126
3385,499.6372
3386,496.5438
3387,508.2009
3388,504.24
3389,511.9739
3390,511.1018
3391,503.6772
3392,508.1936
3393,518.5098
3394,519.1858
3395,465.5589
3396,451.4535
3397,527.04
3398,513.7712
3399,531.8734
3400,529.6519
3401,525.5148
3402,533.3857
3403,540.2438
3404,530.6967
3405,536.1607
3406,533.4747
3407,531.734
3408,546.229
3409,486.6732
3410,481.4765
3411,545.1769
3412,552.2004
3413,506.5842
3414,547.698
3415,553.6208
3416,548.3769
3417,559.5468
3418,557.1952
3419,561.6028
3420,491.272
3421,551.3301
3422,493.4332
3423,557.2907
3424,563.3141
3425,563.3141
3426,549.9663
3427,567.204
3428,556.0132
3429,573.8439
3430,572.9672
3431,583.6744
3432,588.0124
3433,544.5245
3434,525.5127
3435,581.4883
3436,586.5741
3437,526.3578
3438,593.9475
3439,593.427
3440,590.1732
3441,609.274
3442,591.104
3443,612.9349
3444,608.6429
3445,536.155
3446,603.4205
3447,617.2884
3448,605.5709
3449,539.9655
3450,548.217
3451,548.111
3452,626.1554
3453,632.7915
3454,549.7386
3455,557.1797
3456,636.7832
3457,578.7754
3458,569.4879
3459,629.8007
3460,630.814
3461,654.1053
3462,567.3957
3463,657.707
3464,577.0287
3465,638.1102
3466,571.2885
3467,587.2173
3468,580.3971
3469,666.2417
3470,663.1318
3471,670.8315
3472,658.0415
3473,666.318
3474,601.8297
3475,672.8955
3476,671.9466
3477,683.8425
3478,672.1756
3479,594.9878
3480,611.2652
3481,685.0949
3482,625.8317
3483,685.3389
3484,609.3379
3485,682.4981
3486,597.0175
3487,689.8397
3488,603.5521
3489,615.7742
3490,610.5089
3491,703.3189
3492,695.5984
3493,614.1849
3494,634.2332
3495,617.9386
3496,620.2885
3497,712.1202
3498,706.077
3499,709.2341
3500,728.3733
3501,727.0046
3502,625.1852
3503,729.15
3504,617.8879
3505,645.6363
3506,717.3078
3507,647.6896
3508,654.0553
3509,739.107
3510,744.1446
3511,655.0858
3512,743.4502
3513,749.0316
3514,759.4489
3515,655.941
3516,754.9055
3517,762.8705
3518,761.999
3519,680.2667
3520,671.6679
3521,781.8758
3522,672.9589
3523,686.2383
3524,679.2378
3525,778.4752
3526,682.944
3527,702.4849
3528,676.1237
3529,782.3902
3530,788.7452
3531,784.5751
3532,716.0675
3533,782.8621
3534,705.1987
3535,704.0649
3536,716.5786
3537,697.7005
3538,704.3326
3539,693.8829
3540,1032.3855
3541,688.3256
3542,806.6586
3543,715.2571
3544,714.9074
3545,715.2755
3546,716.7856
3547,712.6474
3548,710.7843
3549,825.9501
3550,831.8746
3551,837.337
3552,760.4436
3553,747.4676
3554,714.8898
3555,731.3051
3556,741.7188
3557,715.696
3558,748.2882
3559,850.828
3560,845.5073
3561,746.599
3562,854.8524
3563,752.2757
3564,733.0939
3565,750.8317
3566,776.4763
3567,876.6168
3568,789.5653
3569,747.3995
3570,882.3808
3571,761.6068
3572,873.0318
3573,787.726
3574,873.7963
3575,874.0337
3576,776.8102
3577,772.7143
3578,764.4326
3579,785.3905
3580,876.2052
3581,895.893
3582,891.5813
3583,800.6855
3584,789.6888
3585,901.1657
3586,782.0785
3587,769.8101
3588,903.4944
3589,902.2096
3590,905.409
3591,784.1995
3592,916.4446
3593,819.938
3594,795.6605
3595,797.6972
3596,808.0693
3597,931.6404
3598,846.6143
3599,828.6129
3600,813.8481
3601,823.0071
3602,806.5822
3603,805.3206
3604,817.0463
3605,826.3322
3606,844.3685
3607,816.0926
3608,857.9808
3609,835.8865
3610,855.6395
3611,983.3299
3612,846.5864
3613,842.567
3614,852.8307
3615,869.9988
3616,856.4978
3617,860.4077
3618,984.1466
3619,883.5044
3620,845.6506
3621,871.6771
3622,872.0371
3623,860.0948
3624,865.3364
3625,883.2231
3626,875.971
3627,873.5862
3628,860.6236
3629,1008.9692
3630,873.9617
3631,876.3619
3632,877.481
3633,912.6075
3634,897.3037
3635,896.474
3636,876.1855
3637,1040.761
3638,889.0796
3639,918.3385
3640,916.0446
3641,902.8405
3642,897.5771
3643,901.1233
3644,946.0162
3645,1067.2103
3646,947.1547
3647,911.7747
3648,932.6731
3649,919.7867
3650,948.0834
3651,910.6709
3652,993.4468
3653,958.4656
3654,909.4756
3655,987.1924
3656,937.3063
3657,962.9524
3658,981.5084
3659,947.5513
3660,956.9294
3661,967.557
3662,960.4584
3663,941.8528
3664,1095.1401
3665,944.6202
3666,970.0888
3667,970.455
3668,963.5004
3669,949.3191
3670,982.3453
3671,978.94
3672,989.6973
3673,1013.4281
3674,1037.3401
3675,885.0801
3676,1110.695
3677,1125.548
3678,1126.908
3679,1140.143
3680,1139.047
3681,1164.47
3682,1218.576
3683,1174.162
3684,1227.981
3685,1218.193
3686,1228.728
3687,1298.07
3688,1254.173
3689,1287.793
3690,1380.752
3691,1361.118
3692,1372.113
3693,1369.629
3694,1379.783
3695,1389.107
3696,1362.146
3697,1375.619
3698,1395.681
3699,1470.135
3700,1460.092
3701,1531.282
3702,1503.604
3703,1559.595
3704,1604.083
3705,1592.844
3706,1624.398
3707,1582.469
3708,1633.918
3709,1607.313
3710,1657.566
3711,1611.186
3712,1657.066
3713,1724.234
3714,1660.014
3715,1767.306
3716,1749.781
3717,1813.932
3718,1835.573
3719,1842.288
3720,1810.975
3721,1885.549
3722,1864.549
3723,1903.14
3724,1887.66
3725,1963.179
3726,1976.04
3727,2001.245
3728,2092.575
3729,1997.372
3730,2168.209
3731,2142.271
3732,2074.768
3733,2123.474
3734,2165.059
3735,2214.733
3736,2219.296
3737,2197.635
3738,2209.639
3739,2237.532
3740,2323.989
3741,2288.906
3742,2429.747
3743,2397.174
3744,2368.334
3745,2402.523
3746,2536.122
3747,2529.005
3748,2511.72
3749,2516.633
3750,2539.59
3751,2532.395
3752,2629.222
3753,2745.103
3754,2588.201
3755,2702.365
3756,2682.094
3757,2712.082
3758,2807.545
3759,2789.052
3760,2852.377
3761,2894.393
3762,2944.444
3763,2916.229
3764,2890.305
3765,2970.872
3766,2931.384
3767,3079.121
3768,3170.174
3769,3014.16
3770,3165.553
3771,3167.41
3772,3253.677
3773,3374.445
3774,3279.501
3775,3337.677
3776,3296.717
3777,3265.64
3778,3384.892
3779,3640.425
3780,3592.559
3781,3654.15
3782,3661.266
3783,3722.662
3784,3764.484
3785,3674.513
3786,3754.756
3787,3882.659
3788,3838.911
3789,3860.127
3790,3770.566
3791,4083.493
3792,4160.647
3793,4074.979
3794,4166.926
3795,4193.58
3796,4227.681
3797,4186.623
3798,4252.002
3799,4470.351
3800,4348.238
3801,569.2688
3802,630.7609
3803,1484.105
3804,2157.26
3805,3134.112
3806,3624.444
3807,3716.525
3808,3790.12
3809,3887.263
3810,3912.116
3811,547.7552
3812,570.9412
3813,1362.579
3814,1950.045
3815,2958.471
3816,3404.268
3817,3552.072
3818,3674.719
3819,3721.02
3820,3765.298
3821,507.6226
3822,521.114
3823,971.704
3824,1408.227
3825,1914.027
3826,2577.113
3827,3027.027
3828,3368.217
3829,3512.568
3830,3613.181
3831,477.8737
3832,481.299
3833,867.4587
3834,1024.54
3835,1583.663
3836,2008.887
3837,2402.743
3838,2807.415
3839,3106.726
3840,3346.717
3841,411.0518
3842,390.8944
3843,623.203
3844,812.3789
3845,1053.516
3846,1533.909
3847,1776.438
3848,2208.021
3849,2526.731
3850,2877.313
3851,318.0078
3852,322.4142
3853,542.0438
3854,727.503
3855,1016.523
3856,1205.703
3857,1487.168
3858,1802.313
3859,2072.17
3860,2362.893
3861,301.9852
3862,294.6265
3863,422.593
3864,583.1631
3865,769.6256
3866,984.332
3867,1221.15
3868,1508.985
3869,1766.252
3870,1990.586
3871,266.2635
3872,255.63
3873,396.0243
3874,529.4524
3875,695.3432
3876,806.5146
3877,962.161
3878,1111.626
3879,1352.058
3880,1767.053
3881,206.3839
3882,205.752
3883,358.0719
3884,440.4101
3885,684.8355
3886,705.2065
3887,877.4752
3888,988.001
3889,1095.627
3890,1362.489
3891,195.6886
3892,185.9571
3893,313.4674
3894,387.3424
3895,498.5857
3896,607.7111
3897,678.6793
3898,769.3739
3899,872.3977
3900,1172.813
3901,605.3129
3902,646.2229
3903,1541.932
3904,2299.628
3905,3238.418
3906,3725.396
3907,3900.124
3908,3997.876
3909,4040.078
3910,4074.037
3911,562.3828
3912,587.5692
3913,1378.813
3914,2086.97
3915,3022.322
3916,3557.414
3917,3687.061
3918,3781.73
3919,3897.747
3920,3918.905
3921,521.6769
3922,548.3911
3923,1017.666
3924,1479.603
3925,1979.028
3926,2638.152
3927,3124.996
3928,3538.533
3929,3686.565
3930,3775.632
3931,491.2218
3932,482.0255
3933,887.2806
3934,1091.06
3935,1621.841
3936,2131.494
3937,2464.185
3938,2922.079
3939,3292.706
3940,3514.771
3941,429.9346
3942,420.7867
3943,697.8133
3944,851.8161
3945,1115.74
3946,1423.612
3947,1817.824
3948,2308.39
3949,2736.496
3950,2967.837
3951,377.0304
3952,365.4247
3953,588.0478
3954,797.5499
3955,968.298
3956,1256.106
3957,1526.126
3958,1884.479
3959,2127.05
3960,2473.354
3961,315.2405
3962,298.9005
3963,467.0286
3964,647.1587
3965,757.9736
3966,1012.781
3967,1130.29
3968,1394.674
3969,1537.868
3970,1870.218
3971,197.0433
3972,197.4575
3973,408.4432
3974,523.3645
3975,654.679
3976,920.5788
3977,1090.098
3978,1289.756
3979,1578.627
3980,1743.841
3981,249.245
3982,231.9491
3983,352.7443
3984,427.2184
3985,532.0871
3986,673.2613
3987,991.007
3988,1058.816
3989,1248.542
3990,1382.799
3991,182.1275
3992,190.5314
3993,293.6092
3994,335.3022
3995,465.367
3996,553.2311
3997,833.5248
3998,930.9501
3999,1047.599
4000,
